Facility ID,Measure ID,Value,Footnote_x,Start Date_x,End Date_x,Facility Name,State,Measure Name,Number of Discharges,Footnote_y,Excess Readmission Ratio,Predicted Readmission Rate,Expected Readmission Rate,Number of Readmissions,Start Date_y,End Date_y
380001,MSPB-1,0.8736,,01/01/2021,12/31/2021,MID-COLUMBIA MEDICAL CENTER,OR,READM-30-PN-HRRP,88.0,,1.0472,16.6234,15.8743,18,07/01/2018,06/30/2021
380001,MSPB-1,0.8736,,01/01/2021,12/31/2021,MID-COLUMBIA MEDICAL CENTER,OR,READM-30-HIP-KNEE-HRRP,,,1.015,4.1601,4.0986,Too Few to Report,07/01/2018,06/30/2021
380001,MSPB-1,0.8736,,01/01/2021,12/31/2021,MID-COLUMBIA MEDICAL CENTER,OR,READM-30-HF-HRRP,79.0,,0.961,18.4059,19.1536,12,07/01/2018,06/30/2021
380001,MSPB-1,0.8736,,01/01/2021,12/31/2021,MID-COLUMBIA MEDICAL CENTER,OR,READM-30-COPD-HRRP,,,0.9959,19.3612,19.4411,Too Few to Report,07/01/2018,06/30/2021
380001,MSPB-1,0.8736,,01/01/2021,12/31/2021,MID-COLUMBIA MEDICAL CENTER,OR,READM-30-CABG-HRRP,,5.0,,,,,07/01/2018,06/30/2021
380001,MSPB-1,0.8736,,01/01/2021,12/31/2021,MID-COLUMBIA MEDICAL CENTER,OR,READM-30-AMI-HRRP,,1.0,,,,,07/01/2018,06/30/2021
380002,MSPB-1,0.901572,,01/01/2021,12/31/2021,ASANTE THREE RIVERS MEDICAL CENTER,OR,READM-30-PN-HRRP,223.0,,0.9975,14.8779,14.9144,33,07/01/2018,06/30/2021
380002,MSPB-1,0.901572,,01/01/2021,12/31/2021,ASANTE THREE RIVERS MEDICAL CENTER,OR,READM-30-HIP-KNEE-HRRP,,,0.9255,2.9377,3.1743,Too Few to Report,07/01/2018,06/30/2021
380002,MSPB-1,0.901572,,01/01/2021,12/31/2021,ASANTE THREE RIVERS MEDICAL CENTER,OR,READM-30-HF-HRRP,172.0,,0.8379,16.4016,19.5742,17,07/01/2018,06/30/2021
380002,MSPB-1,0.901572,,01/01/2021,12/31/2021,ASANTE THREE RIVERS MEDICAL CENTER,OR,READM-30-COPD-HRRP,81.0,,0.9871,19.7711,20.0299,15,07/01/2018,06/30/2021
380002,MSPB-1,0.901572,,01/01/2021,12/31/2021,ASANTE THREE RIVERS MEDICAL CENTER,OR,READM-30-CABG-HRRP,,5.0,,,,,07/01/2018,06/30/2021
380002,MSPB-1,0.901572,,01/01/2021,12/31/2021,ASANTE THREE RIVERS MEDICAL CENTER,OR,READM-30-AMI-HRRP,,,0.9621,15.9885,16.6175,Too Few to Report,07/01/2018,06/30/2021
380004,MSPB-1,0.923182,,01/01/2021,12/31/2021,PROVIDENCE ST VINCENT MEDICAL CENTER,OR,READM-30-PN-HRRP,284.0,,0.977,15.0294,15.3836,41,07/01/2018,06/30/2021
380004,MSPB-1,0.923182,,01/01/2021,12/31/2021,PROVIDENCE ST VINCENT MEDICAL CENTER,OR,READM-30-HIP-KNEE-HRRP,394.0,,0.9206,3.4,3.6933,12,07/01/2018,06/30/2021
380004,MSPB-1,0.923182,,01/01/2021,12/31/2021,PROVIDENCE ST VINCENT MEDICAL CENTER,OR,READM-30-HF-HRRP,597.0,,0.8153,16.2286,19.9045,84,07/01/2018,06/30/2021
380004,MSPB-1,0.923182,,01/01/2021,12/31/2021,PROVIDENCE ST VINCENT MEDICAL CENTER,OR,READM-30-COPD-HRRP,99.0,,0.9791,19.8688,20.2928,18,07/01/2018,06/30/2021
380004,MSPB-1,0.923182,,01/01/2021,12/31/2021,PROVIDENCE ST VINCENT MEDICAL CENTER,OR,READM-30-CABG-HRRP,175.0,,0.9159,10.2584,11.2007,16,07/01/2018,06/30/2021
380004,MSPB-1,0.923182,,01/01/2021,12/31/2021,PROVIDENCE ST VINCENT MEDICAL CENTER,OR,READM-30-AMI-HRRP,372.0,,0.9199,12.4347,13.517,42,07/01/2018,06/30/2021
380005,MSPB-1,0.936152,,01/01/2021,12/31/2021,ASANTE ASHLAND COMMUNITY HOSPITAL,OR,READM-30-PN-HRRP,,,1.0047,14.135,14.0687,Too Few to Report,07/01/2018,06/30/2021
380005,MSPB-1,0.936152,,01/01/2021,12/31/2021,ASANTE ASHLAND COMMUNITY HOSPITAL,OR,READM-30-HIP-KNEE-HRRP,,1.0,,,,,07/01/2018,06/30/2021
380005,MSPB-1,0.936152,,01/01/2021,12/31/2021,ASANTE ASHLAND COMMUNITY HOSPITAL,OR,READM-30-HF-HRRP,,1.0,,,,,07/01/2018,06/30/2021
380005,MSPB-1,0.936152,,01/01/2021,12/31/2021,ASANTE ASHLAND COMMUNITY HOSPITAL,OR,READM-30-COPD-HRRP,,1.0,,,,,07/01/2018,06/30/2021
380005,MSPB-1,0.936152,,01/01/2021,12/31/2021,ASANTE ASHLAND COMMUNITY HOSPITAL,OR,READM-30-CABG-HRRP,,5.0,,,,,07/01/2018,06/30/2021
380005,MSPB-1,0.936152,,01/01/2021,12/31/2021,ASANTE ASHLAND COMMUNITY HOSPITAL,OR,READM-30-AMI-HRRP,,1.0,,,,,07/01/2018,06/30/2021
380007,MSPB-1,0.958616,,01/01/2021,12/31/2021,LEGACY EMANUEL MEDICAL CENTER,OR,READM-30-PN-HRRP,,,0.9821,16.4276,16.7273,Too Few to Report,07/01/2018,06/30/2021
380007,MSPB-1,0.958616,,01/01/2021,12/31/2021,LEGACY EMANUEL MEDICAL CENTER,OR,READM-30-HIP-KNEE-HRRP,,1.0,,,,,07/01/2018,06/30/2021
380007,MSPB-1,0.958616,,01/01/2021,12/31/2021,LEGACY EMANUEL MEDICAL CENTER,OR,READM-30-HF-HRRP,139.0,,0.9895,21.3688,21.5955,29,07/01/2018,06/30/2021
380007,MSPB-1,0.958616,,01/01/2021,12/31/2021,LEGACY EMANUEL MEDICAL CENTER,OR,READM-30-COPD-HRRP,,,0.9666,20.4878,21.195,Too Few to Report,07/01/2018,06/30/2021
380007,MSPB-1,0.958616,,01/01/2021,12/31/2021,LEGACY EMANUEL MEDICAL CENTER,OR,READM-30-CABG-HRRP,,,0.9201,11.0697,12.0309,Too Few to Report,07/01/2018,06/30/2021
380007,MSPB-1,0.958616,,01/01/2021,12/31/2021,LEGACY EMANUEL MEDICAL CENTER,OR,READM-30-AMI-HRRP,109.0,,1.0195,15.5656,15.2684,18,07/01/2018,06/30/2021
380009,MSPB-1,0.975054,,01/01/2021,12/31/2021,OHSU HOSPITAL AND CLINICS,OR,READM-30-PN-HRRP,122.0,,1.0211,18.3786,17.9989,24,07/01/2018,06/30/2021
380009,MSPB-1,0.975054,,01/01/2021,12/31/2021,OHSU HOSPITAL AND CLINICS,OR,READM-30-HIP-KNEE-HRRP,,,0.7616,3.4321,4.5067,Too Few to Report,07/01/2018,06/30/2021
380009,MSPB-1,0.975054,,01/01/2021,12/31/2021,OHSU HOSPITAL AND CLINICS,OR,READM-30-HF-HRRP,226.0,,0.9156,20.2703,22.1391,40,07/01/2018,06/30/2021
380009,MSPB-1,0.975054,,01/01/2021,12/31/2021,OHSU HOSPITAL AND CLINICS,OR,READM-30-COPD-HRRP,,,1.0095,23.4681,23.2483,Too Few to Report,07/01/2018,06/30/2021
380009,MSPB-1,0.975054,,01/01/2021,12/31/2021,OHSU HOSPITAL AND CLINICS,OR,READM-30-CABG-HRRP,,,0.8918,10.8253,12.1384,Too Few to Report,07/01/2018,06/30/2021
380009,MSPB-1,0.975054,,01/01/2021,12/31/2021,OHSU HOSPITAL AND CLINICS,OR,READM-30-AMI-HRRP,145.0,,0.9094,12.3006,13.526,13,07/01/2018,06/30/2021
380014,MSPB-1,0.882605,,01/01/2021,12/31/2021,GOOD SAMARITAN REGIONAL MEDICAL CENTER,OR,READM-30-PN-HRRP,144.0,,0.9005,14.3245,15.9075,13,07/01/2018,06/30/2021
380014,MSPB-1,0.882605,,01/01/2021,12/31/2021,GOOD SAMARITAN REGIONAL MEDICAL CENTER,OR,READM-30-HIP-KNEE-HRRP,,,0.986,4.2005,4.2599,Too Few to Report,07/01/2018,06/30/2021
380014,MSPB-1,0.882605,,01/01/2021,12/31/2021,GOOD SAMARITAN REGIONAL MEDICAL CENTER,OR,READM-30-HF-HRRP,228.0,,0.8708,16.5385,18.9914,29,07/01/2018,06/30/2021
380014,MSPB-1,0.882605,,01/01/2021,12/31/2021,GOOD SAMARITAN REGIONAL MEDICAL CENTER,OR,READM-30-COPD-HRRP,,,0.9795,17.037,17.394,Too Few to Report,07/01/2018,06/30/2021
380014,MSPB-1,0.882605,,01/01/2021,12/31/2021,GOOD SAMARITAN REGIONAL MEDICAL CENTER,OR,READM-30-CABG-HRRP,,,0.9169,10.2855,11.2179,Too Few to Report,07/01/2018,06/30/2021
380014,MSPB-1,0.882605,,01/01/2021,12/31/2021,GOOD SAMARITAN REGIONAL MEDICAL CENTER,OR,READM-30-AMI-HRRP,221.0,,0.9238,10.8372,11.7311,20,07/01/2018,06/30/2021
380017,MSPB-1,0.927488,,01/01/2021,12/31/2021,LEGACY GOOD SAMARITAN MEDICAL CENTER,OR,READM-30-PN-HRRP,131.0,,0.933,15.3393,16.4405,15,07/01/2018,06/30/2021
380017,MSPB-1,0.927488,,01/01/2021,12/31/2021,LEGACY GOOD SAMARITAN MEDICAL CENTER,OR,READM-30-HIP-KNEE-HRRP,,,0.8414,3.3071,3.9304,Too Few to Report,07/01/2018,06/30/2021
380017,MSPB-1,0.927488,,01/01/2021,12/31/2021,LEGACY GOOD SAMARITAN MEDICAL CENTER,OR,READM-30-HF-HRRP,219.0,,1.0058,21.2873,21.165,47,07/01/2018,06/30/2021
380017,MSPB-1,0.927488,,01/01/2021,12/31/2021,LEGACY GOOD SAMARITAN MEDICAL CENTER,OR,READM-30-COPD-HRRP,74.0,,1.0186,22.2895,21.8831,18,07/01/2018,06/30/2021
380017,MSPB-1,0.927488,,01/01/2021,12/31/2021,LEGACY GOOD SAMARITAN MEDICAL CENTER,OR,READM-30-CABG-HRRP,,5.0,,,,,07/01/2018,06/30/2021
380017,MSPB-1,0.927488,,01/01/2021,12/31/2021,LEGACY GOOD SAMARITAN MEDICAL CENTER,OR,READM-30-AMI-HRRP,101.0,,0.9823,13.7807,14.0292,13,07/01/2018,06/30/2021
380018,MSPB-1,0.941539,,01/01/2021,12/31/2021,ASANTE ROGUE REGIONAL MEDICAL CENTER,OR,READM-30-PN-HRRP,329.0,,0.9485,15.4604,16.3006,47,07/01/2018,06/30/2021
380018,MSPB-1,0.941539,,01/01/2021,12/31/2021,ASANTE ROGUE REGIONAL MEDICAL CENTER,OR,READM-30-HIP-KNEE-HRRP,,,0.9152,4.5781,5.0021,Too Few to Report,07/01/2018,06/30/2021
380018,MSPB-1,0.941539,,01/01/2021,12/31/2021,ASANTE ROGUE REGIONAL MEDICAL CENTER,OR,READM-30-HF-HRRP,357.0,,0.7696,15.2518,19.8185,38,07/01/2018,06/30/2021
380018,MSPB-1,0.941539,,01/01/2021,12/31/2021,ASANTE ROGUE REGIONAL MEDICAL CENTER,OR,READM-30-COPD-HRRP,132.0,,0.9222,19.2334,20.8568,19,07/01/2018,06/30/2021
380018,MSPB-1,0.941539,,01/01/2021,12/31/2021,ASANTE ROGUE REGIONAL MEDICAL CENTER,OR,READM-30-CABG-HRRP,,,0.7119,7.957,11.1765,Too Few to Report,07/01/2018,06/30/2021
380018,MSPB-1,0.941539,,01/01/2021,12/31/2021,ASANTE ROGUE REGIONAL MEDICAL CENTER,OR,READM-30-AMI-HRRP,387.0,,0.79,8.9416,11.3191,23,07/01/2018,06/30/2021
380020,MSPB-1,0.854275,,01/01/2021,12/31/2021,MCKENZIE-WILLAMETTE MEDICAL CENTER,OR,READM-30-PN-HRRP,129.0,,0.9795,13.5387,13.8216,16,07/01/2018,06/30/2021
380020,MSPB-1,0.854275,,01/01/2021,12/31/2021,MCKENZIE-WILLAMETTE MEDICAL CENTER,OR,READM-30-HIP-KNEE-HRRP,,,0.8391,3.3222,3.959,Too Few to Report,07/01/2018,06/30/2021
380020,MSPB-1,0.854275,,01/01/2021,12/31/2021,MCKENZIE-WILLAMETTE MEDICAL CENTER,OR,READM-30-HF-HRRP,212.0,,1.0636,19.8265,18.6405,46,07/01/2018,06/30/2021
380020,MSPB-1,0.854275,,01/01/2021,12/31/2021,MCKENZIE-WILLAMETTE MEDICAL CENTER,OR,READM-30-COPD-HRRP,92.0,,1.0564,17.2132,16.2935,20,07/01/2018,06/30/2021
380020,MSPB-1,0.854275,,01/01/2021,12/31/2021,MCKENZIE-WILLAMETTE MEDICAL CENTER,OR,READM-30-CABG-HRRP,,,1.0186,8.4171,8.2632,Too Few to Report,07/01/2018,06/30/2021
380020,MSPB-1,0.854275,,01/01/2021,12/31/2021,MCKENZIE-WILLAMETTE MEDICAL CENTER,OR,READM-30-AMI-HRRP,109.0,,1.0617,12.7902,12.0475,17,07/01/2018,06/30/2021
380021,MSPB-1,0.93159,,01/01/2021,12/31/2021,TUALITY COMMUNITY HOSPITAL,OR,READM-30-PN-HRRP,,,0.9617,14.5735,15.1537,Too Few to Report,07/01/2018,06/30/2021
380021,MSPB-1,0.93159,,01/01/2021,12/31/2021,TUALITY COMMUNITY HOSPITAL,OR,READM-30-HIP-KNEE-HRRP,,,1.0206,4.4617,4.3717,Too Few to Report,07/01/2018,06/30/2021
380021,MSPB-1,0.93159,,01/01/2021,12/31/2021,TUALITY COMMUNITY HOSPITAL,OR,READM-30-HF-HRRP,111.0,,0.9756,20.3795,20.8893,21,07/01/2018,06/30/2021
380021,MSPB-1,0.93159,,01/01/2021,12/31/2021,TUALITY COMMUNITY HOSPITAL,OR,READM-30-COPD-HRRP,,,0.9992,19.6265,19.6429,Too Few to Report,07/01/2018,06/30/2021
380021,MSPB-1,0.93159,,01/01/2021,12/31/2021,TUALITY COMMUNITY HOSPITAL,OR,READM-30-CABG-HRRP,,5.0,,,,,07/01/2018,06/30/2021
380021,MSPB-1,0.93159,,01/01/2021,12/31/2021,TUALITY COMMUNITY HOSPITAL,OR,READM-30-AMI-HRRP,,,0.9779,12.7921,13.0807,Too Few to Report,07/01/2018,06/30/2021
380022,MSPB-1,0.937358,,01/01/2021,12/31/2021,SAMARITAN ALBANY GENERAL HOSPITAL,OR,READM-30-PN-HRRP,52.0,,1.0252,17.58,17.1481,11,07/01/2018,06/30/2021
380022,MSPB-1,0.937358,,01/01/2021,12/31/2021,SAMARITAN ALBANY GENERAL HOSPITAL,OR,READM-30-HIP-KNEE-HRRP,,,1.0433,4.4537,4.269,Too Few to Report,07/01/2018,06/30/2021
380022,MSPB-1,0.937358,,01/01/2021,12/31/2021,SAMARITAN ALBANY GENERAL HOSPITAL,OR,READM-30-HF-HRRP,,,0.9751,18.2857,18.7527,Too Few to Report,07/01/2018,06/30/2021
380022,MSPB-1,0.937358,,01/01/2021,12/31/2021,SAMARITAN ALBANY GENERAL HOSPITAL,OR,READM-30-COPD-HRRP,,,1.0007,16.9358,16.9232,Too Few to Report,07/01/2018,06/30/2021
380022,MSPB-1,0.937358,,01/01/2021,12/31/2021,SAMARITAN ALBANY GENERAL HOSPITAL,OR,READM-30-CABG-HRRP,,5.0,,,,,07/01/2018,06/30/2021
380022,MSPB-1,0.937358,,01/01/2021,12/31/2021,SAMARITAN ALBANY GENERAL HOSPITAL,OR,READM-30-AMI-HRRP,,1.0,,,,,07/01/2018,06/30/2021
380025,MSPB-1,0.858676,,01/01/2021,12/31/2021,LEGACY MOUNT HOOD MEDICAL CENTER,OR,READM-30-PN-HRRP,86.0,,0.9872,16.2197,16.4298,13,07/01/2018,06/30/2021
380025,MSPB-1,0.858676,,01/01/2021,12/31/2021,LEGACY MOUNT HOOD MEDICAL CENTER,OR,READM-30-HIP-KNEE-HRRP,,,1.015,3.9685,3.9097,Too Few to Report,07/01/2018,06/30/2021
380025,MSPB-1,0.858676,,01/01/2021,12/31/2021,LEGACY MOUNT HOOD MEDICAL CENTER,OR,READM-30-HF-HRRP,167.0,,1.027,21.1074,20.553,37,07/01/2018,06/30/2021
380025,MSPB-1,0.858676,,01/01/2021,12/31/2021,LEGACY MOUNT HOOD MEDICAL CENTER,OR,READM-30-COPD-HRRP,,,0.9963,18.578,18.6479,Too Few to Report,07/01/2018,06/30/2021
380025,MSPB-1,0.858676,,01/01/2021,12/31/2021,LEGACY MOUNT HOOD MEDICAL CENTER,OR,READM-30-CABG-HRRP,,5.0,,,,,07/01/2018,06/30/2021
380025,MSPB-1,0.858676,,01/01/2021,12/31/2021,LEGACY MOUNT HOOD MEDICAL CENTER,OR,READM-30-AMI-HRRP,,1.0,,,,,07/01/2018,06/30/2021
380027,MSPB-1,0.846141,,01/01/2021,12/31/2021,MERCY MEDICAL CENTER,OR,READM-30-PN-HRRP,245.0,,0.9963,16.4375,16.4986,40,07/01/2018,06/30/2021
380027,MSPB-1,0.846141,,01/01/2021,12/31/2021,MERCY MEDICAL CENTER,OR,READM-30-HIP-KNEE-HRRP,,,1.1351,5.2229,4.6014,Too Few to Report,07/01/2018,06/30/2021
380027,MSPB-1,0.846141,,01/01/2021,12/31/2021,MERCY MEDICAL CENTER,OR,READM-30-HF-HRRP,278.0,,0.8635,17.3968,20.1468,39,07/01/2018,06/30/2021
380027,MSPB-1,0.846141,,01/01/2021,12/31/2021,MERCY MEDICAL CENTER,OR,READM-30-COPD-HRRP,111.0,,0.9764,17.8694,18.3012,18,07/01/2018,06/30/2021
380027,MSPB-1,0.846141,,01/01/2021,12/31/2021,MERCY MEDICAL CENTER,OR,READM-30-CABG-HRRP,,5.0,,,,,07/01/2018,06/30/2021
380027,MSPB-1,0.846141,,01/01/2021,12/31/2021,MERCY MEDICAL CENTER,OR,READM-30-AMI-HRRP,114.0,,1.0079,12.8062,12.7063,15,07/01/2018,06/30/2021
380029,MSPB-1,0.896715,,01/01/2021,12/31/2021,LEGACY SILVERTON MEDICAL CENTER,OR,READM-30-PN-HRRP,,,0.9724,13.746,14.1367,Too Few to Report,07/01/2018,06/30/2021
380029,MSPB-1,0.896715,,01/01/2021,12/31/2021,LEGACY SILVERTON MEDICAL CENTER,OR,READM-30-HIP-KNEE-HRRP,,,0.9395,3.8653,4.1141,Too Few to Report,07/01/2018,06/30/2021
380029,MSPB-1,0.896715,,01/01/2021,12/31/2021,LEGACY SILVERTON MEDICAL CENTER,OR,READM-30-HF-HRRP,,,0.995,18.5809,18.6739,Too Few to Report,07/01/2018,06/30/2021
380029,MSPB-1,0.896715,,01/01/2021,12/31/2021,LEGACY SILVERTON MEDICAL CENTER,OR,READM-30-COPD-HRRP,,1.0,,,,,07/01/2018,06/30/2021
380029,MSPB-1,0.896715,,01/01/2021,12/31/2021,LEGACY SILVERTON MEDICAL CENTER,OR,READM-30-CABG-HRRP,,5.0,,,,,07/01/2018,06/30/2021
380029,MSPB-1,0.896715,,01/01/2021,12/31/2021,LEGACY SILVERTON MEDICAL CENTER,OR,READM-30-AMI-HRRP,,1.0,,,,,07/01/2018,06/30/2021
380033,MSPB-1,0.888474,,01/01/2021,12/31/2021,SACRED HEART UNIVERSITY DISTRICT,OR,READM-30-PN-HRRP,,,0.918,11.5438,12.5755,Too Few to Report,07/01/2018,06/30/2021
380033,MSPB-1,0.888474,,01/01/2021,12/31/2021,SACRED HEART UNIVERSITY DISTRICT,OR,READM-30-HIP-KNEE-HRRP,,5.0,,,,,07/01/2018,06/30/2021
380033,MSPB-1,0.888474,,01/01/2021,12/31/2021,SACRED HEART UNIVERSITY DISTRICT,OR,READM-30-HF-HRRP,,,0.9633,16.6223,17.255,Too Few to Report,07/01/2018,06/30/2021
380033,MSPB-1,0.888474,,01/01/2021,12/31/2021,SACRED HEART UNIVERSITY DISTRICT,OR,READM-30-COPD-HRRP,,1.0,,,,,07/01/2018,06/30/2021
380033,MSPB-1,0.888474,,01/01/2021,12/31/2021,SACRED HEART UNIVERSITY DISTRICT,OR,READM-30-CABG-HRRP,,5.0,,,,,07/01/2018,06/30/2021
380033,MSPB-1,0.888474,,01/01/2021,12/31/2021,SACRED HEART UNIVERSITY DISTRICT,OR,READM-30-AMI-HRRP,,1.0,,,,,07/01/2018,06/30/2021
380037,MSPB-1,0.824626,,01/01/2021,12/31/2021,PROVIDENCE NEWBERG MEDICAL CENTER,OR,READM-30-PN-HRRP,,,0.9457,16.3402,17.278,Too Few to Report,07/01/2018,06/30/2021
380037,MSPB-1,0.824626,,01/01/2021,12/31/2021,PROVIDENCE NEWBERG MEDICAL CENTER,OR,READM-30-HIP-KNEE-HRRP,,,0.9368,3.1095,3.3192,Too Few to Report,07/01/2018,06/30/2021
380037,MSPB-1,0.824626,,01/01/2021,12/31/2021,PROVIDENCE NEWBERG MEDICAL CENTER,OR,READM-30-HF-HRRP,111.0,,1.0181,20.564,20.1993,24,07/01/2018,06/30/2021
380037,MSPB-1,0.824626,,01/01/2021,12/31/2021,PROVIDENCE NEWBERG MEDICAL CENTER,OR,READM-30-COPD-HRRP,,,0.9959,19.7699,19.851,Too Few to Report,07/01/2018,06/30/2021
380037,MSPB-1,0.824626,,01/01/2021,12/31/2021,PROVIDENCE NEWBERG MEDICAL CENTER,OR,READM-30-CABG-HRRP,,5.0,,,,,07/01/2018,06/30/2021
380037,MSPB-1,0.824626,,01/01/2021,12/31/2021,PROVIDENCE NEWBERG MEDICAL CENTER,OR,READM-30-AMI-HRRP,,1.0,,,,,07/01/2018,06/30/2021
380038,MSPB-1,0.861335,,01/01/2021,12/31/2021,PROVIDENCE WILLAMETTE FALLS MEDICAL CENTER,OR,READM-30-PN-HRRP,,,0.9418,14.7465,15.6573,Too Few to Report,07/01/2018,06/30/2021
380038,MSPB-1,0.861335,,01/01/2021,12/31/2021,PROVIDENCE WILLAMETTE FALLS MEDICAL CENTER,OR,READM-30-HIP-KNEE-HRRP,,,0.9334,3.0568,3.2748,Too Few to Report,07/01/2018,06/30/2021
380038,MSPB-1,0.861335,,01/01/2021,12/31/2021,PROVIDENCE WILLAMETTE FALLS MEDICAL CENTER,OR,READM-30-HF-HRRP,94.0,,0.9779,17.4596,17.855,15,07/01/2018,06/30/2021
380038,MSPB-1,0.861335,,01/01/2021,12/31/2021,PROVIDENCE WILLAMETTE FALLS MEDICAL CENTER,OR,READM-30-COPD-HRRP,,,0.9843,18.6143,18.9109,Too Few to Report,07/01/2018,06/30/2021
380038,MSPB-1,0.861335,,01/01/2021,12/31/2021,PROVIDENCE WILLAMETTE FALLS MEDICAL CENTER,OR,READM-30-CABG-HRRP,,5.0,,,,,07/01/2018,06/30/2021
380038,MSPB-1,0.861335,,01/01/2021,12/31/2021,PROVIDENCE WILLAMETTE FALLS MEDICAL CENTER,OR,READM-30-AMI-HRRP,,1.0,,,,,07/01/2018,06/30/2021
380040,MSPB-1,0.82454,,01/01/2021,12/31/2021,ST CHARLES REDMOND,OR,READM-30-PN-HRRP,,,0.9436,14.0212,14.8594,Too Few to Report,07/01/2018,06/30/2021
380040,MSPB-1,0.82454,,01/01/2021,12/31/2021,ST CHARLES REDMOND,OR,READM-30-HIP-KNEE-HRRP,,,0.9484,3.4182,3.6042,Too Few to Report,07/01/2018,06/30/2021
380040,MSPB-1,0.82454,,01/01/2021,12/31/2021,ST CHARLES REDMOND,OR,READM-30-HF-HRRP,113.0,,0.9909,19.9936,20.1769,22,07/01/2018,06/30/2021
380040,MSPB-1,0.82454,,01/01/2021,12/31/2021,ST CHARLES REDMOND,OR,READM-30-COPD-HRRP,,,1.0014,16.7977,16.7742,Too Few to Report,07/01/2018,06/30/2021
380040,MSPB-1,0.82454,,01/01/2021,12/31/2021,ST CHARLES REDMOND,OR,READM-30-CABG-HRRP,,5.0,,,,,07/01/2018,06/30/2021
380040,MSPB-1,0.82454,,01/01/2021,12/31/2021,ST CHARLES REDMOND,OR,READM-30-AMI-HRRP,,1.0,,,,,07/01/2018,06/30/2021
380047,MSPB-1,0.956483,,01/01/2021,12/31/2021,ST CHARLES MEDICAL CENTER - BEND,OR,READM-30-PN-HRRP,300.0,,0.9747,14.6151,14.9944,42,07/01/2018,06/30/2021
380047,MSPB-1,0.956483,,01/01/2021,12/31/2021,ST CHARLES MEDICAL CENTER - BEND,OR,READM-30-HIP-KNEE-HRRP,686.0,,0.8259,3.2417,3.925,19,07/01/2018,06/30/2021
380047,MSPB-1,0.956483,,01/01/2021,12/31/2021,ST CHARLES MEDICAL CENTER - BEND,OR,READM-30-HF-HRRP,423.0,,0.8306,16.2459,19.5601,57,07/01/2018,06/30/2021
380047,MSPB-1,0.956483,,01/01/2021,12/31/2021,ST CHARLES MEDICAL CENTER - BEND,OR,READM-30-COPD-HRRP,137.0,,0.9487,16.7837,17.6911,19,07/01/2018,06/30/2021
380047,MSPB-1,0.956483,,01/01/2021,12/31/2021,ST CHARLES MEDICAL CENTER - BEND,OR,READM-30-CABG-HRRP,117.0,,0.9675,10.8852,11.2504,12,07/01/2018,06/30/2021
380047,MSPB-1,0.956483,,01/01/2021,12/31/2021,ST CHARLES MEDICAL CENTER - BEND,OR,READM-30-AMI-HRRP,332.0,,0.9179,10.9305,11.9087,32,07/01/2018,06/30/2021
380050,MSPB-1,0.828384,,01/01/2021,12/31/2021,SKY LAKES MEDICAL CENTER,OR,READM-30-PN-HRRP,191.0,,0.9642,15.5182,16.0939,27,07/01/2018,06/30/2021
380050,MSPB-1,0.828384,,01/01/2021,12/31/2021,SKY LAKES MEDICAL CENTER,OR,READM-30-HIP-KNEE-HRRP,,,1.1388,5.2423,4.6034,Too Few to Report,07/01/2018,06/30/2021
380050,MSPB-1,0.828384,,01/01/2021,12/31/2021,SKY LAKES MEDICAL CENTER,OR,READM-30-HF-HRRP,205.0,,0.8695,17.5002,20.1267,27,07/01/2018,06/30/2021
380050,MSPB-1,0.828384,,01/01/2021,12/31/2021,SKY LAKES MEDICAL CENTER,OR,READM-30-COPD-HRRP,84.0,,0.9575,16.9963,17.7508,11,07/01/2018,06/30/2021
380050,MSPB-1,0.828384,,01/01/2021,12/31/2021,SKY LAKES MEDICAL CENTER,OR,READM-30-CABG-HRRP,,5.0,,,,,07/01/2018,06/30/2021
380050,MSPB-1,0.828384,,01/01/2021,12/31/2021,SKY LAKES MEDICAL CENTER,OR,READM-30-AMI-HRRP,71.0,,1.0332,13.1662,12.7436,11,07/01/2018,06/30/2021
380051,MSPB-1,0.91093,,01/01/2021,12/31/2021,SALEM HOSPITAL,OR,READM-30-PN-HRRP,505.0,,1.0123,16.4552,16.2554,84,07/01/2018,06/30/2021
380051,MSPB-1,0.91093,,01/01/2021,12/31/2021,SALEM HOSPITAL,OR,READM-30-HIP-KNEE-HRRP,488.0,,1.0387,3.7625,3.6223,19,07/01/2018,06/30/2021
380051,MSPB-1,0.91093,,01/01/2021,12/31/2021,SALEM HOSPITAL,OR,READM-30-HF-HRRP,529.0,,0.9575,19.6276,20.4991,101,07/01/2018,06/30/2021
380051,MSPB-1,0.91093,,01/01/2021,12/31/2021,SALEM HOSPITAL,OR,READM-30-COPD-HRRP,205.0,,1.059,21.2044,20.0235,48,07/01/2018,06/30/2021
380051,MSPB-1,0.91093,,01/01/2021,12/31/2021,SALEM HOSPITAL,OR,READM-30-CABG-HRRP,98.0,,1.0879,12.3439,11.3469,14,07/01/2018,06/30/2021
380051,MSPB-1,0.91093,,01/01/2021,12/31/2021,SALEM HOSPITAL,OR,READM-30-AMI-HRRP,212.0,,0.8994,11.506,12.793,19,07/01/2018,06/30/2021
380052,MSPB-1,0.909023,,01/01/2021,12/31/2021,"SAINT ALPHONSUS MEDICAL CENTER - ONTARIO, INC",OR,READM-30-PN-HRRP,,,0.9629,13.8222,14.3552,Too Few to Report,07/01/2018,06/30/2021
380052,MSPB-1,0.909023,,01/01/2021,12/31/2021,"SAINT ALPHONSUS MEDICAL CENTER - ONTARIO, INC",OR,READM-30-HIP-KNEE-HRRP,,,0.8218,3.8707,4.7101,Too Few to Report,07/01/2018,06/30/2021
380052,MSPB-1,0.909023,,01/01/2021,12/31/2021,"SAINT ALPHONSUS MEDICAL CENTER - ONTARIO, INC",OR,READM-30-HF-HRRP,59.0,,1.0183,20.0394,19.6791,13,07/01/2018,06/30/2021
380052,MSPB-1,0.909023,,01/01/2021,12/31/2021,"SAINT ALPHONSUS MEDICAL CENTER - ONTARIO, INC",OR,READM-30-COPD-HRRP,,,0.9927,19.4149,19.5568,Too Few to Report,07/01/2018,06/30/2021
380052,MSPB-1,0.909023,,01/01/2021,12/31/2021,"SAINT ALPHONSUS MEDICAL CENTER - ONTARIO, INC",OR,READM-30-CABG-HRRP,,5.0,,,,,07/01/2018,06/30/2021
380052,MSPB-1,0.909023,,01/01/2021,12/31/2021,"SAINT ALPHONSUS MEDICAL CENTER - ONTARIO, INC",OR,READM-30-AMI-HRRP,,1.0,,,,,07/01/2018,06/30/2021
380056,MSPB-1,0.92643,,01/01/2021,12/31/2021,SANTIAM HOSPITAL,OR,READM-30-PN-HRRP,,1.0,,,,,07/01/2018,06/30/2021
380056,MSPB-1,0.92643,,01/01/2021,12/31/2021,SANTIAM HOSPITAL,OR,READM-30-HIP-KNEE-HRRP,,,0.9581,2.8424,2.9668,Too Few to Report,07/01/2018,06/30/2021
380056,MSPB-1,0.92643,,01/01/2021,12/31/2021,SANTIAM HOSPITAL,OR,READM-30-HF-HRRP,,1.0,,,,,07/01/2018,06/30/2021
380056,MSPB-1,0.92643,,01/01/2021,12/31/2021,SANTIAM HOSPITAL,OR,READM-30-COPD-HRRP,,,0.9825,15.6388,15.9173,Too Few to Report,07/01/2018,06/30/2021
380056,MSPB-1,0.92643,,01/01/2021,12/31/2021,SANTIAM HOSPITAL,OR,READM-30-CABG-HRRP,,5.0,,,,,07/01/2018,06/30/2021
380056,MSPB-1,0.92643,,01/01/2021,12/31/2021,SANTIAM HOSPITAL,OR,READM-30-AMI-HRRP,,1.0,,,,,07/01/2018,06/30/2021
380060,MSPB-1,0.871528,,01/01/2021,12/31/2021,ADVENTIST HEALTH PORTLAND,OR,READM-30-PN-HRRP,131.0,,1.0034,17.3604,17.301,23,07/01/2018,06/30/2021
380060,MSPB-1,0.871528,,01/01/2021,12/31/2021,ADVENTIST HEALTH PORTLAND,OR,READM-30-HIP-KNEE-HRRP,,,1.1417,4.5494,3.9848,Too Few to Report,07/01/2018,06/30/2021
380060,MSPB-1,0.871528,,01/01/2021,12/31/2021,ADVENTIST HEALTH PORTLAND,OR,READM-30-HF-HRRP,229.0,,0.9314,19.4865,20.9216,40,07/01/2018,06/30/2021
380060,MSPB-1,0.871528,,01/01/2021,12/31/2021,ADVENTIST HEALTH PORTLAND,OR,READM-30-COPD-HRRP,61.0,,0.9826,20.3364,20.6971,11,07/01/2018,06/30/2021
380060,MSPB-1,0.871528,,01/01/2021,12/31/2021,ADVENTIST HEALTH PORTLAND,OR,READM-30-CABG-HRRP,,,1.0849,12.5793,11.5947,Too Few to Report,07/01/2018,06/30/2021
380060,MSPB-1,0.871528,,01/01/2021,12/31/2021,ADVENTIST HEALTH PORTLAND,OR,READM-30-AMI-HRRP,115.0,,1.0359,14.9011,14.3844,19,07/01/2018,06/30/2021
380061,MSPB-1,0.9298,,01/01/2021,12/31/2021,PROVIDENCE PORTLAND MEDICAL CENTER,OR,READM-30-PN-HRRP,171.0,,1.0236,17.6965,17.2882,32,07/01/2018,06/30/2021
380061,MSPB-1,0.9298,,01/01/2021,12/31/2021,PROVIDENCE PORTLAND MEDICAL CENTER,OR,READM-30-HIP-KNEE-HRRP,,,1.078,4.0262,3.7349,Too Few to Report,07/01/2018,06/30/2021
380061,MSPB-1,0.9298,,01/01/2021,12/31/2021,PROVIDENCE PORTLAND MEDICAL CENTER,OR,READM-30-HF-HRRP,359.0,,0.9325,19.6579,21.0819,66,07/01/2018,06/30/2021
380061,MSPB-1,0.9298,,01/01/2021,12/31/2021,PROVIDENCE PORTLAND MEDICAL CENTER,OR,READM-30-COPD-HRRP,81.0,,0.9497,21.2477,22.3737,13,07/01/2018,06/30/2021
380061,MSPB-1,0.9298,,01/01/2021,12/31/2021,PROVIDENCE PORTLAND MEDICAL CENTER,OR,READM-30-CABG-HRRP,,5.0,,,,,07/01/2018,06/30/2021
380061,MSPB-1,0.9298,,01/01/2021,12/31/2021,PROVIDENCE PORTLAND MEDICAL CENTER,OR,READM-30-AMI-HRRP,173.0,,0.8485,12.4097,14.6248,13,07/01/2018,06/30/2021
380071,MSPB-1,0.88872,,01/01/2021,12/31/2021,WILLAMETTE VALLEY MEDICAL CENTER,OR,READM-30-PN-HRRP,123.0,,0.9193,13.8317,15.0464,11,07/01/2018,06/30/2021
380071,MSPB-1,0.88872,,01/01/2021,12/31/2021,WILLAMETTE VALLEY MEDICAL CENTER,OR,READM-30-HIP-KNEE-HRRP,,,0.9957,3.5814,3.597,Too Few to Report,07/01/2018,06/30/2021
380071,MSPB-1,0.88872,,01/01/2021,12/31/2021,WILLAMETTE VALLEY MEDICAL CENTER,OR,READM-30-HF-HRRP,143.0,,1.0561,20.5955,19.5014,33,07/01/2018,06/30/2021
380071,MSPB-1,0.88872,,01/01/2021,12/31/2021,WILLAMETTE VALLEY MEDICAL CENTER,OR,READM-30-COPD-HRRP,51.0,,1.0217,18.3226,17.9327,11,07/01/2018,06/30/2021
380071,MSPB-1,0.88872,,01/01/2021,12/31/2021,WILLAMETTE VALLEY MEDICAL CENTER,OR,READM-30-CABG-HRRP,,5.0,,,,,07/01/2018,06/30/2021
380071,MSPB-1,0.88872,,01/01/2021,12/31/2021,WILLAMETTE VALLEY MEDICAL CENTER,OR,READM-30-AMI-HRRP,,,0.992,15.9819,16.1112,Too Few to Report,07/01/2018,06/30/2021
380075,MSPB-1,0.879856,,01/01/2021,12/31/2021,PROVIDENCE MEDFORD MEDICAL CENTER,OR,READM-30-PN-HRRP,162.0,,1.0623,16.406,15.4439,31,07/01/2018,06/30/2021
380075,MSPB-1,0.879856,,01/01/2021,12/31/2021,PROVIDENCE MEDFORD MEDICAL CENTER,OR,READM-30-HIP-KNEE-HRRP,,,0.9143,3.8566,4.2181,Too Few to Report,07/01/2018,06/30/2021
380075,MSPB-1,0.879856,,01/01/2021,12/31/2021,PROVIDENCE MEDFORD MEDICAL CENTER,OR,READM-30-HF-HRRP,236.0,,1.0869,21.8319,20.0861,57,07/01/2018,06/30/2021
380075,MSPB-1,0.879856,,01/01/2021,12/31/2021,PROVIDENCE MEDFORD MEDICAL CENTER,OR,READM-30-COPD-HRRP,98.0,,0.9807,17.851,18.2017,16,07/01/2018,06/30/2021
380075,MSPB-1,0.879856,,01/01/2021,12/31/2021,PROVIDENCE MEDFORD MEDICAL CENTER,OR,READM-30-CABG-HRRP,,5.0,,,,,07/01/2018,06/30/2021
380075,MSPB-1,0.879856,,01/01/2021,12/31/2021,PROVIDENCE MEDFORD MEDICAL CENTER,OR,READM-30-AMI-HRRP,,,0.9867,13.1669,13.3443,Too Few to Report,07/01/2018,06/30/2021
380082,MSPB-1,0.876234,,01/01/2021,12/31/2021,PROVIDENCE MILWAUKIE HOSPITAL,OR,READM-30-PN-HRRP,73.0,,1.0126,15.1954,15.0062,12,07/01/2018,06/30/2021
380082,MSPB-1,0.876234,,01/01/2021,12/31/2021,PROVIDENCE MILWAUKIE HOSPITAL,OR,READM-30-HIP-KNEE-HRRP,,,1.038,4.3687,4.2088,Too Few to Report,07/01/2018,06/30/2021
380082,MSPB-1,0.876234,,01/01/2021,12/31/2021,PROVIDENCE MILWAUKIE HOSPITAL,OR,READM-30-HF-HRRP,90.0,,0.9505,18.0215,18.9599,13,07/01/2018,06/30/2021
380082,MSPB-1,0.876234,,01/01/2021,12/31/2021,PROVIDENCE MILWAUKIE HOSPITAL,OR,READM-30-COPD-HRRP,,,0.9755,24.4705,25.0854,Too Few to Report,07/01/2018,06/30/2021
380082,MSPB-1,0.876234,,01/01/2021,12/31/2021,PROVIDENCE MILWAUKIE HOSPITAL,OR,READM-30-CABG-HRRP,,5.0,,,,,07/01/2018,06/30/2021
380082,MSPB-1,0.876234,,01/01/2021,12/31/2021,PROVIDENCE MILWAUKIE HOSPITAL,OR,READM-30-AMI-HRRP,,1.0,,,,,07/01/2018,06/30/2021
380089,MSPB-1,0.895391,,01/01/2021,12/31/2021,LEGACY MERIDIAN PARK MEDICAL CENTER,OR,READM-30-PN-HRRP,178.0,,1.0224,14.8339,14.5084,28,07/01/2018,06/30/2021
380089,MSPB-1,0.895391,,01/01/2021,12/31/2021,LEGACY MERIDIAN PARK MEDICAL CENTER,OR,READM-30-HIP-KNEE-HRRP,289.0,,1.0539,3.8452,3.6485,12,07/01/2018,06/30/2021
380089,MSPB-1,0.895391,,01/01/2021,12/31/2021,LEGACY MERIDIAN PARK MEDICAL CENTER,OR,READM-30-HF-HRRP,225.0,,0.9671,18.2817,18.9042,39,07/01/2018,06/30/2021
380089,MSPB-1,0.895391,,01/01/2021,12/31/2021,LEGACY MERIDIAN PARK MEDICAL CENTER,OR,READM-30-COPD-HRRP,,,0.9842,17.8192,18.1053,Too Few to Report,07/01/2018,06/30/2021
380089,MSPB-1,0.895391,,01/01/2021,12/31/2021,LEGACY MERIDIAN PARK MEDICAL CENTER,OR,READM-30-CABG-HRRP,,5.0,,,,,07/01/2018,06/30/2021
380089,MSPB-1,0.895391,,01/01/2021,12/31/2021,LEGACY MERIDIAN PARK MEDICAL CENTER,OR,READM-30-AMI-HRRP,,,0.9647,14.1492,14.6673,Too Few to Report,07/01/2018,06/30/2021
380090,MSPB-1,0.845997,,01/01/2021,12/31/2021,BAY AREA HOSPITAL,OR,READM-30-PN-HRRP,241.0,,0.9136,16.0493,17.5663,32,07/01/2018,06/30/2021
380090,MSPB-1,0.845997,,01/01/2021,12/31/2021,BAY AREA HOSPITAL,OR,READM-30-HIP-KNEE-HRRP,262.0,,0.9972,4.2169,4.2288,11,07/01/2018,06/30/2021
380090,MSPB-1,0.845997,,01/01/2021,12/31/2021,BAY AREA HOSPITAL,OR,READM-30-HF-HRRP,406.0,,0.9718,21.156,21.769,84,07/01/2018,06/30/2021
380090,MSPB-1,0.845997,,01/01/2021,12/31/2021,BAY AREA HOSPITAL,OR,READM-30-COPD-HRRP,109.0,,0.9502,19.3306,20.3438,17,07/01/2018,06/30/2021
380090,MSPB-1,0.845997,,01/01/2021,12/31/2021,BAY AREA HOSPITAL,OR,READM-30-CABG-HRRP,,5.0,,,,,07/01/2018,06/30/2021
380090,MSPB-1,0.845997,,01/01/2021,12/31/2021,BAY AREA HOSPITAL,OR,READM-30-AMI-HRRP,199.0,,0.9667,14.4578,14.9566,27,07/01/2018,06/30/2021
380091,MSPB-1,0.832663,,01/01/2021,12/31/2021,KAISER SUNNYSIDE MEDICAL CENTER,OR,READM-30-PN-HRRP,,1.0,,,,,07/01/2018,06/30/2021
380091,MSPB-1,0.832663,,01/01/2021,12/31/2021,KAISER SUNNYSIDE MEDICAL CENTER,OR,READM-30-HIP-KNEE-HRRP,0.0,7.0,,,,,07/01/2018,06/30/2021
380091,MSPB-1,0.832663,,01/01/2021,12/31/2021,KAISER SUNNYSIDE MEDICAL CENTER,OR,READM-30-HF-HRRP,,,0.9775,21.7218,22.2224,Too Few to Report,07/01/2018,06/30/2021
380091,MSPB-1,0.832663,,01/01/2021,12/31/2021,KAISER SUNNYSIDE MEDICAL CENTER,OR,READM-30-COPD-HRRP,,1.0,,,,,07/01/2018,06/30/2021
380091,MSPB-1,0.832663,,01/01/2021,12/31/2021,KAISER SUNNYSIDE MEDICAL CENTER,OR,READM-30-CABG-HRRP,,1.0,,,,,07/01/2018,06/30/2021
380091,MSPB-1,0.832663,,01/01/2021,12/31/2021,KAISER SUNNYSIDE MEDICAL CENTER,OR,READM-30-AMI-HRRP,,,0.9895,12.6343,12.7681,Too Few to Report,07/01/2018,06/30/2021
380102,MSPB-1,0.907755,,01/01/2021,12/31/2021,SACRED HEART MEDICAL CENTER - RIVERBEND,OR,READM-30-PN-HRRP,346.0,,0.9629,15.5367,16.1352,51,07/01/2018,06/30/2021
380102,MSPB-1,0.907755,,01/01/2021,12/31/2021,SACRED HEART MEDICAL CENTER - RIVERBEND,OR,READM-30-HIP-KNEE-HRRP,635.0,,0.8339,3.159,3.7882,17,07/01/2018,06/30/2021
380102,MSPB-1,0.907755,,01/01/2021,12/31/2021,SACRED HEART MEDICAL CENTER - RIVERBEND,OR,READM-30-HF-HRRP,605.0,,0.9742,20.4498,20.9914,122,07/01/2018,06/30/2021
380102,MSPB-1,0.907755,,01/01/2021,12/31/2021,SACRED HEART MEDICAL CENTER - RIVERBEND,OR,READM-30-COPD-HRRP,174.0,,1.0362,19.1001,18.4328,36,07/01/2018,06/30/2021
380102,MSPB-1,0.907755,,01/01/2021,12/31/2021,SACRED HEART MEDICAL CENTER - RIVERBEND,OR,READM-30-CABG-HRRP,151.0,,1.1214,12.8471,11.4559,22,07/01/2018,06/30/2021
380102,MSPB-1,0.907755,,01/01/2021,12/31/2021,SACRED HEART MEDICAL CENTER - RIVERBEND,OR,READM-30-AMI-HRRP,351.0,,0.9147,13.0018,14.2148,41,07/01/2018,06/30/2021
380103,MSPB-1,0.796023,,01/01/2021,12/31/2021,KAISER FOUNDATION HOSPITAL - WESTSIDE,OR,READM-30-PN-HRRP,,1.0,,,,,07/01/2018,06/30/2021
380103,MSPB-1,0.796023,,01/01/2021,12/31/2021,KAISER FOUNDATION HOSPITAL - WESTSIDE,OR,READM-30-HIP-KNEE-HRRP,,1.0,,,,,07/01/2018,06/30/2021
380103,MSPB-1,0.796023,,01/01/2021,12/31/2021,KAISER FOUNDATION HOSPITAL - WESTSIDE,OR,READM-30-HF-HRRP,,1.0,,,,,07/01/2018,06/30/2021
380103,MSPB-1,0.796023,,01/01/2021,12/31/2021,KAISER FOUNDATION HOSPITAL - WESTSIDE,OR,READM-30-COPD-HRRP,,1.0,,,,,07/01/2018,06/30/2021
380103,MSPB-1,0.796023,,01/01/2021,12/31/2021,KAISER FOUNDATION HOSPITAL - WESTSIDE,OR,READM-30-CABG-HRRP,,5.0,,,,,07/01/2018,06/30/2021
380103,MSPB-1,0.796023,,01/01/2021,12/31/2021,KAISER FOUNDATION HOSPITAL - WESTSIDE,OR,READM-30-AMI-HRRP,,1.0,,,,,07/01/2018,06/30/2021
